session_id,episode_id,session_number,pain_activity_0_10,pain_rest_0_10,rom_deg,left_weight_percent,right_weight_percent,sway_area_mm2,pain_post_0_10,risk_label,data_origin
S001_01,E001,1,4.5,2.7,108.9,40.3,59.7,260.4,4.3,high,synthetic
S001_02,E001,2,3.3,1.8,120.1,45.6,54.4,313.1,2.2,medium,synthetic
S001_03,E001,3,2.5,0.9,110.2,54.0,46.0,257.7,1.7,low,synthetic
S001_04,E001,4,2.2,0.7,118.7,53.7,46.3,226.9,1.9,low,synthetic
S001_05,E001,5,1.9,1.2,106.3,51.3,48.7,152.6,0.7,low,synthetic
S001_06,E001,6,1.5,0.7,127.8,49.2,50.8,205.0,0.3,low,synthetic
S002_01,E002,1,3.6,2.3,130.8,61.8,38.2,217.1,2.4,high,synthetic
S002_02,E002,2,3.3,2.1,117.0,52.2,47.8,193.8,2.9,low,synthetic
S002_03,E002,3,3.2,1.8,107.7,47.3,52.7,321.2,2.0,medium,synthetic
S002_04,E002,4,2.5,0.6,91.5,52.7,47.3,152.0,1.2,low,synthetic
S002_05,E002,5,0.9,0.0,105.9,44.9,55.1,358.2,0.0,medium,synthetic
S002_06,E002,6,0.1,0.0,109.8,47.9,52.1,273.2,0.0,low,synthetic
S003_01,E003,1,3.0,1.5,125.8,54.4,45.6,282.3,1.6,medium,synthetic
S003_02,E003,2,2.5,0.8,97.0,60.8,39.2,137.6,2.3,high,synthetic
S003_03,E003,3,2.0,1.0,93.2,57.1,42.9,214.5,1.0,medium,synthetic
S003_04,E003,4,1.3,0.6,118.3,49.8,50.2,100.0,0.5,low,synthetic
S003_05,E003,5,0.6,0.0,125.3,57.9,42.1,206.0,0.0,medium,synthetic
S003_06,E003,6,0.8,0.0,146.8,45.1,54.9,233.1,0.0,low,synthetic
S004_01,E004,1,4.6,3.0,91.8,60.3,39.7,298.4,4.2,high,synthetic
S004_02,E004,2,4.4,2.7,118.2,49.7,50.3,225.2,3.5,low,synthetic
S004_03,E004,3,3.9,2.9,134.2,56.2,43.8,115.6,2.7,medium,synthetic
S004_04,E004,4,2.8,1.4,128.7,54.8,45.2,136.9,1.3,low,synthetic
S004_05,E004,5,2.0,1.3,143.5,46.9,53.1,278.5,1.1,low,synthetic
S004_06,E004,6,2.2,0.5,109.7,54.2,45.8,333.3,1.9,medium,synthetic
S005_01,E005,1,4.3,2.7,123.6,60.2,39.8,222.8,3.6,high,synthetic
S005_02,E005,2,3.3,2.6,92.2,60.1,39.9,243.9,2.9,high,synthetic
S005_03,E005,3,3.2,2.6,90.4,56.9,43.1,208.5,3.0,medium,synthetic
S005_04,E005,4,2.3,1.8,123.3,58.5,41.5,198.4,1.0,medium,synthetic
S005_05,E005,5,1.5,0.0,95.9,51.7,48.3,198.6,0.1,low,synthetic
S005_06,E005,6,1.7,0.0,114.6,45.3,54.7,108.7,0.5,low,synthetic
S006_01,E006,1,2.7,1.1,93.4,59.9,40.1,218.4,1.7,high,synthetic
S006_02,E006,2,2.4,0.6,99.6,45.6,54.4,262.2,1.4,low,synthetic
S006_03,E006,3,1.2,0.0,123.0,57.5,42.5,227.9,1.0,medium,synthetic
S006_04,E006,4,1.7,1.1,99.3,52.5,47.5,213.3,0.5,low,synthetic
S006_05,E006,5,0.3,0.0,124.6,49.6,50.4,193.7,0.0,low,synthetic
S006_06,E006,6,0.0,0.0,126.3,48.6,51.4,281.2,0.0,medium,synthetic
S007_01,E007,1,5.6,3.8,45.3,49.3,50.7,301.2,5.0,medium,synthetic
S007_02,E007,2,5.5,3.7,47.6,50.1,49.9,369.3,4.5,medium,synthetic
S007_03,E007,3,5.4,4.2,61.3,57.2,42.8,179.5,4.2,medium,synthetic
S007_04,E007,4,5.4,4.7,55.6,53.1,46.9,200.3,4.0,medium,synthetic
S007_05,E007,5,4.6,3.4,58.7,50.5,49.5,173.8,3.5,low,synthetic
S007_06,E007,6,3.2,2.2,41.3,52.3,47.7,219.3,2.3,low,synthetic
S008_01,E008,1,8.2,6.2,119.2,49.4,50.6,268.4,7.8,high,synthetic
S008_02,E008,2,8.0,7.3,126.2,57.1,42.9,299.9,7.6,high,synthetic
S008_03,E008,3,6.7,5.3,112.9,47.5,52.5,344.9,5.6,medium,synthetic
S008_04,E008,4,7.1,6.1,129.3,50.2,49.8,272.2,6.0,medium,synthetic
S008_05,E008,5,6.5,5.4,104.4,47.5,52.5,187.1,6.2,medium,synthetic
S008_06,E008,6,5.6,4.0,103.7,48.6,51.4,272.8,5.1,medium,synthetic
S009_01,E009,1,3.5,2.8,100.1,46.3,53.7,379.5,2.8,medium,synthetic
S009_02,E009,2,4.0,3.4,110.9,55.1,44.9,222.4,3.0,medium,synthetic
S009_03,E009,3,3.0,2.2,119.5,53.7,46.3,272.8,2.5,low,synthetic
S009_04,E009,4,2.9,1.4,92.1,55.0,45.0,240.9,2.6,medium,synthetic
S009_05,E009,5,2.4,1.7,105.3,58.8,41.2,223.6,1.2,medium,synthetic
S009_06,E009,6,1.2,0.4,107.8,50.8,49.2,153.4,0.2,low,synthetic
S010_01,E010,1,5.6,4.1,106.0,48.7,51.3,161.4,4.7,medium,synthetic
S010_02,E010,2,5.3,3.3,108.0,46.0,54.0,300.9,4.4,medium,synthetic
S010_03,E010,3,4.1,3.6,105.6,52.2,47.8,252.8,3.9,low,synthetic
S010_04,E010,4,4.2,3.1,137.6,55.2,44.8,309.0,3.5,medium,synthetic
S010_05,E010,5,3.3,1.6,133.8,51.1,48.9,192.3,2.8,low,synthetic
S010_06,E010,6,3.1,1.2,94.3,48.4,51.6,177.9,2.5,low,synthetic
S011_01,E011,1,5.4,3.9,50.5,48.6,51.4,219.4,4.8,medium,synthetic
S011_02,E011,2,5.3,3.4,35.7,49.9,50.1,252.1,4.1,medium,synthetic
S011_03,E011,3,4.7,4.1,45.1,46.0,54.0,221.9,4.0,low,synthetic
S011_04,E011,4,5.1,3.7,41.6,48.5,51.5,151.0,4.5,medium,synthetic
S011_05,E011,5,4.9,3.7,52.9,57.5,42.5,173.4,4.0,medium,synthetic
S011_06,E011,6,2.6,1.0,59.2,48.2,51.8,293.5,1.3,medium,synthetic
S012_01,E012,1,6.6,5.4,8.5,48.6,51.4,184.0,6.2,medium,synthetic
S012_02,E012,2,6.1,5.5,27.3,53.9,46.1,327.4,4.6,medium,synthetic
S012_03,E012,3,6.2,5.3,14.4,51.0,49.0,193.2,5.6,medium,synthetic
S012_04,E012,4,6.3,5.8,22.2,44.5,55.5,204.3,5.3,medium,synthetic
S012_05,E012,5,5.9,4.1,13.1,54.3,45.7,157.2,4.9,medium,synthetic
S012_06,E012,6,4.2,2.3,29.7,43.2,56.8,191.8,3.1,medium,synthetic
S013_01,E013,1,3.4,2.2,58.9,42.6,57.4,268.2,1.9,medium,synthetic
S013_02,E013,2,3.7,2.9,44.0,54.0,46.0,259.3,3.1,low,synthetic
S013_03,E013,3,3.0,1.8,52.4,54.7,45.3,233.9,2.5,low,synthetic
S013_04,E013,4,2.3,1.2,38.2,49.9,50.1,193.2,0.9,low,synthetic
S013_05,E013,5,1.6,0.3,47.9,52.7,47.3,318.9,1.2,medium,synthetic
S013_06,E013,6,2.5,0.8,66.3,45.8,54.2,171.0,1.6,low,synthetic
S014_01,E014,1,4.9,4.0,48.8,45.8,54.2,147.3,4.1,low,synthetic
S014_02,E014,2,4.7,3.8,50.8,43.6,56.4,303.6,4.0,medium,synthetic
S014_03,E014,3,3.3,1.9,29.8,43.2,56.8,106.7,2.2,medium,synthetic
S014_04,E014,4,4.4,2.6,38.3,53.5,46.5,243.7,3.9,low,synthetic
S014_05,E014,5,3.2,1.8,47.6,50.5,49.5,192.3,2.5,low,synthetic
S014_06,E014,6,2.6,1.6,63.7,49.6,50.4,300.0,1.4,medium,synthetic
S015_01,E015,1,4.7,4.2,112.4,50.4,49.6,224.9,3.5,low,synthetic
S015_02,E015,2,5.0,4.2,139.2,50.9,49.1,214.3,3.6,medium,synthetic
S015_03,E015,3,3.6,2.3,124.6,58.5,41.5,210.2,2.9,medium,synthetic
S015_04,E015,4,2.6,0.6,134.0,46.7,53.3,124.2,1.7,low,synthetic
S015_05,E015,5,2.7,1.1,92.6,48.1,51.9,146.1,1.8,low,synthetic
S015_06,E015,6,2.9,2.2,118.6,52.0,48.0,317.9,2.3,medium,synthetic
S016_01,E016,1,2.9,1.9,117.1,60.8,39.2,164.2,2.6,high,synthetic
S016_02,E016,2,2.6,1.0,100.4,57.4,42.6,254.7,1.7,medium,synthetic
S016_03,E016,3,1.7,1.0,105.7,50.6,49.4,274.8,1.0,low,synthetic
S016_04,E016,4,1.2,0.1,106.3,56.2,43.8,224.1,0.0,medium,synthetic
S016_05,E016,5,1.1,0.4,130.1,57.3,42.7,152.4,0.1,medium,synthetic
S016_06,E016,6,0.4,0.0,99.4,52.7,47.3,169.6,0.0,low,synthetic
S017_01,E017,1,4.8,3.1,120.9,45.3,54.7,292.6,4.6,medium,synthetic
S017_02,E017,2,4.0,2.7,99.5,45.5,54.5,168.4,3.5,low,synthetic
S017_03,E017,3,4.2,3.5,119.7,49.3,50.7,195.3,2.8,low,synthetic
S017_04,E017,4,3.3,2.1,127.9,55.2,44.8,331.4,2.0,medium,synthetic
S017_05,E017,5,4.1,2.1,121.8,51.5,48.5,152.3,2.8,low,synthetic
S017_06,E017,6,2.2,0.3,126.6,44.1,55.9,242.6,1.5,high,synthetic
S018_01,E018,1,6.2,4.4,98.7,42.6,57.4,238.5,5.6,medium,synthetic
S018_02,E018,2,4.9,3.9,106.3,53.1,46.9,128.1,4.4,low,synthetic
S018_03,E018,3,4.7,4.0,129.9,48.5,51.5,215.2,3.4,low,synthetic
S018_04,E018,4,4.3,2.4,126.8,46.4,53.6,166.9,3.5,low,synthetic
S018_05,E018,5,3.7,2.2,116.4,47.3,52.7,160.0,2.4,low,synthetic
S018_06,E018,6,4.4,3.6,109.7,50.0,50.0,232.4,3.4,low,synthetic
S019_01,E019,1,2.4,1.0,101.8,59.3,40.7,355.3,1.9,high,synthetic
S019_02,E019,2,2.6,0.8,100.9,45.9,54.1,215.9,1.7,low,synthetic
S019_03,E019,3,2.1,1.4,127.2,59.7,40.3,269.2,1.5,high,synthetic
S019_04,E019,4,1.6,1.0,130.3,57.8,42.2,153.6,1.3,medium,synthetic
S019_05,E019,5,1.7,0.4,130.4,55.2,44.8,175.1,1.4,medium,synthetic
S019_06,E019,6,1.0,0.5,120.0,48.4,51.6,137.0,0.7,low,synthetic
S020_01,E020,1,3.8,2.3,143.0,48.0,52.0,340.1,2.9,medium,synthetic
S020_02,E020,2,2.8,1.9,122.9,50.7,49.3,164.8,1.7,low,synthetic
S020_03,E020,3,3.1,1.3,90.7,51.5,48.5,264.0,2.0,low,synthetic
S020_04,E020,4,2.7,1.6,102.2,52.3,47.7,369.9,2.2,medium,synthetic
S020_05,E020,5,1.8,0.1,96.4,45.7,54.3,278.5,1.3,low,synthetic
S020_06,E020,6,1.6,0.0,147.0,53.9,46.1,214.5,1.1,low,synthetic
S021_01,E021,1,3.9,2.9,137.4,53.2,46.8,186.1,3.5,low,synthetic
S021_02,E021,2,3.8,3.1,109.9,47.9,52.1,227.5,2.6,low,synthetic
S021_03,E021,3,3.0,1.8,143.7,51.7,48.3,256.8,2.0,low,synthetic
S021_04,E021,4,3.0,1.1,147.1,45.3,54.7,239.5,2.5,low,synthetic
S021_05,E021,5,2.8,1.4,96.5,48.1,51.9,210.4,2.1,low,synthetic
S021_06,E021,6,1.5,0.0,156.3,47.7,52.3,302.6,0.8,medium,synthetic
S022_01,E022,1,3.5,1.9,45.5,45.4,54.6,255.2,2.7,low,synthetic
S022_02,E022,2,2.6,1.6,49.9,42.4,57.6,223.7,1.2,medium,synthetic
S022_03,E022,3,1.5,0.0,48.0,47.8,52.2,309.1,0.2,medium,synthetic
S022_04,E022,4,2.2,0.3,49.5,46.8,53.2,310.4,1.6,medium,synthetic
S022_05,E022,5,1.0,0.0,64.0,50.7,49.3,167.3,0.0,low,synthetic
S022_06,E022,6,0.0,0.0,63.3,50.4,49.6,332.4,0.0,medium,synthetic
S023_01,E023,1,7.5,5.6,48.8,51.3,48.7,172.9,6.9,medium,synthetic
S023_02,E023,2,8.0,6.9,31.6,48.6,51.4,178.7,7.5,high,synthetic
S023_03,E023,3,7.6,6.0,56.9,53.1,46.9,189.6,6.2,medium,synthetic
S023_04,E023,4,6.3,5.4,44.7,53.7,46.3,217.7,5.3,medium,synthetic
S023_05,E023,5,5.1,4.2,57.1,56.9,43.1,149.7,4.0,medium,synthetic
S023_06,E023,6,5.9,4.6,49.2,47.8,52.2,246.5,5.3,medium,synthetic
S024_01,E024,1,4.5,3.5,39.8,47.5,52.5,327.8,3.7,medium,synthetic
S024_02,E024,2,4.4,3.9,31.0,45.5,54.5,301.5,3.2,medium,synthetic
S024_03,E024,3,3.5,1.5,41.9,44.8,55.2,222.9,2.5,medium,synthetic
S024_04,E024,4,3.4,2.3,39.8,57.4,42.6,380.0,2.2,medium,synthetic
S024_05,E024,5,2.8,1.3,47.9,52.4,47.6,234.4,2.0,low,synthetic
S024_06,E024,6,2.7,0.8,61.3,51.5,48.5,218.6,1.5,low,synthetic
S025_01,E025,1,5.5,4.0,42.1,45.5,54.5,315.0,5.1,medium,synthetic
S025_02,E025,2,5.9,4.3,39.7,53.6,46.4,146.6,4.5,medium,synthetic
S025_03,E025,3,5.0,4.1,61.4,51.1,48.9,126.2,4.2,medium,synthetic
S025_04,E025,4,5.2,3.3,42.7,54.0,46.0,198.5,4.7,medium,synthetic
S025_05,E025,5,4.0,2.7,47.0,48.7,51.3,215.1,2.7,low,synthetic
S025_06,E025,6,3.6,2.4,54.5,54.5,45.5,208.6,2.1,low,synthetic
S026_01,E026,1,5.5,3.6,113.9,43.2,56.8,245.0,4.2,medium,synthetic
S026_02,E026,2,4.6,3.5,93.5,52.4,47.6,463.5,4.1,high,synthetic
S026_03,E026,3,4.1,3.6,109.4,49.1,50.9,201.6,3.6,low,synthetic
S026_04,E026,4,3.0,1.6,131.9,46.8,53.2,252.1,2.4,low,synthetic
S026_05,E026,5,3.4,2.3,120.8,55.7,44.3,336.7,2.3,medium,synthetic
S026_06,E026,6,3.5,2.3,110.4,42.6,57.4,244.4,2.9,medium,synthetic
S027_01,E027,1,8.5,8.0,20.3,51.8,48.2,277.1,8.2,high,synthetic
S027_02,E027,2,7.1,5.5,13.2,39.7,60.3,183.2,6.1,high,synthetic
S027_03,E027,3,6.8,5.4,15.7,49.3,50.7,105.9,5.9,medium,synthetic
S027_04,E027,4,6.3,5.6,26.5,40.8,59.2,139.3,5.2,high,synthetic
S027_05,E027,5,5.8,4.0,16.2,54.0,46.0,107.0,5.0,medium,synthetic
S027_06,E027,6,5.9,5.1,27.4,53.4,46.6,160.9,4.5,medium,synthetic
S028_01,E028,1,8.1,6.9,133.6,52.4,47.6,156.8,6.7,high,synthetic
S028_02,E028,2,7.2,6.0,126.5,61.0,39.0,246.0,6.6,high,synthetic
S028_03,E028,3,7.1,5.2,139.4,54.6,45.4,189.5,6.2,medium,synthetic
S028_04,E028,4,7.0,6.4,146.5,46.7,53.3,271.3,5.6,medium,synthetic
S028_05,E028,5,5.2,3.7,107.5,50.9,49.1,124.4,4.6,medium,synthetic
S028_06,E028,6,5.7,4.6,118.9,56.3,43.7,294.2,4.3,medium,synthetic
S029_01,E029,1,4.0,3.3,119.1,47.1,52.9,166.8,3.7,low,synthetic
S029_02,E029,2,3.3,2.1,135.8,48.8,51.2,235.3,2.4,low,synthetic
S029_03,E029,3,3.1,2.3,90.3,49.7,50.3,177.3,1.8,low,synthetic
S029_04,E029,4,1.8,1.2,128.9,53.2,46.8,258.6,1.5,low,synthetic
S029_05,E029,5,1.3,0.6,130.5,57.0,43.0,259.7,0.2,medium,synthetic
S029_06,E029,6,0.7,0.0,97.8,57.4,42.6,179.3,0.3,medium,synthetic
S030_01,E030,1,7.5,5.5,109.4,50.6,49.4,187.2,6.7,medium,synthetic
S030_02,E030,2,7.1,6.0,112.8,54.1,45.9,213.6,6.6,medium,synthetic
S030_03,E030,3,7.0,5.4,128.6,53.6,46.4,168.1,6.6,medium,synthetic
S030_04,E030,4,6.1,4.9,134.3,57.5,42.5,126.7,4.7,medium,synthetic
S030_05,E030,5,6.1,4.9,105.6,45.9,54.1,154.4,5.5,medium,synthetic
S030_06,E030,6,5.4,4.7,153.1,50.1,49.9,302.8,4.0,medium,synthetic
S031_01,E031,1,7.5,6.5,134.6,52.3,47.7,266.0,6.0,medium,synthetic
S031_02,E031,2,6.3,5.5,89.3,55.8,44.2,296.4,5.5,medium,synthetic
S031_03,E031,3,5.7,5.0,106.4,44.8,55.2,231.9,5.2,medium,synthetic
S031_04,E031,4,4.6,3.1,133.3,56.2,43.8,214.1,4.4,medium,synthetic
S031_05,E031,5,5.1,4.4,101.5,53.5,46.5,167.4,4.0,medium,synthetic
S031_06,E031,6,4.5,3.6,129.6,56.7,43.3,171.3,3.9,medium,synthetic
S032_01,E032,1,7.5,6.8,56.1,54.1,45.9,295.8,7.1,medium,synthetic
S032_02,E032,2,7.1,6.1,36.4,46.4,53.6,274.7,6.4,medium,synthetic
S032_03,E032,3,7.5,6.1,52.2,42.8,57.2,204.5,6.7,medium,synthetic
S032_04,E032,4,6.4,5.0,45.8,46.5,53.5,340.1,6.1,medium,synthetic
S032_05,E032,5,6.0,4.4,43.8,51.7,48.3,237.3,5.1,medium,synthetic
S032_06,E032,6,5.6,4.9,48.6,52.6,47.4,182.1,4.7,medium,synthetic
S033_01,E033,1,6.5,4.7,104.1,53.1,46.9,241.6,5.4,medium,synthetic
S033_02,E033,2,6.1,5.2,89.0,50.4,49.6,266.7,5.0,medium,synthetic
S033_03,E033,3,5.2,3.4,100.3,50.8,49.2,274.3,4.7,medium,synthetic
S033_04,E033,4,3.3,1.5,108.2,54.4,45.6,253.0,2.6,low,synthetic
S033_05,E033,5,4.1,2.9,101.1,44.1,55.9,249.0,3.3,medium,synthetic
S033_06,E033,6,3.1,2.4,109.5,45.0,55.0,166.4,1.9,medium,synthetic
S034_01,E034,1,7.2,6.7,30.5,51.1,48.9,363.8,6.3,medium,synthetic
S034_02,E034,2,6.7,5.8,44.5,47.6,52.4,358.0,6.0,medium,synthetic
S034_03,E034,3,6.2,4.6,34.0,50.7,49.3,279.3,4.8,medium,synthetic
S034_04,E034,4,5.6,4.3,53.3,44.4,55.6,149.8,4.9,medium,synthetic
S034_05,E034,5,5.2,4.1,47.7,57.1,42.9,304.9,3.9,medium,synthetic
S034_06,E034,6,3.5,2.6,38.8,57.5,42.5,118.5,3.0,medium,synthetic
S035_01,E035,1,7.5,6.0,101.5,60.9,39.1,240.9,6.8,high,synthetic
S035_02,E035,2,6.2,5.0,121.6,54.2,45.8,194.7,5.6,medium,synthetic
S035_03,E035,3,6.3,4.8,112.7,57.6,42.4,288.0,5.7,medium,synthetic
S035_04,E035,4,5.0,4.4,136.8,48.4,51.6,281.1,4.0,medium,synthetic
S035_05,E035,5,5.6,4.4,95.4,44.6,55.4,224.7,4.5,medium,synthetic
S035_06,E035,6,4.6,3.2,120.1,56.3,43.7,142.6,3.9,medium,synthetic
S036_01,E036,1,8.0,7.4,92.8,52.4,47.6,272.0,7.0,high,synthetic
S036_02,E036,2,8.0,6.0,108.6,50.7,49.3,302.6,7.3,high,synthetic
S036_03,E036,3,6.7,5.7,125.0,49.2,50.8,305.8,6.5,medium,synthetic
S036_04,E036,4,5.3,4.6,90.5,55.3,44.7,274.3,3.8,medium,synthetic
S036_05,E036,5,5.6,4.4,122.9,55.0,45.0,211.1,4.7,medium,synthetic
S036_06,E036,6,4.9,3.1,123.8,47.9,52.1,187.3,3.8,low,synthetic
S037_01,E037,1,6.5,5.1,107.7,37.9,62.1,334.0,5.5,high,synthetic
S037_02,E037,2,6.0,5.1,126.4,46.8,53.2,176.8,5.8,medium,synthetic
S037_03,E037,3,5.9,4.5,110.4,44.4,55.6,284.8,5.5,medium,synthetic
S037_04,E037,4,6.0,4.6,109.3,46.9,53.1,155.5,4.8,medium,synthetic
S037_05,E037,5,5.5,4.3,97.6,44.2,55.8,245.7,5.2,medium,synthetic
S037_06,E037,6,3.8,3.2,109.0,41.7,58.3,208.3,3.3,medium,synthetic
S038_01,E038,1,6.0,5.2,20.4,43.6,56.4,251.8,5.7,medium,synthetic
S038_02,E038,2,5.8,4.5,25.2,43.5,56.5,348.4,5.3,medium,synthetic
S038_03,E038,3,4.4,2.7,14.6,44.8,55.2,261.6,4.0,medium,synthetic
S038_04,E038,4,4.3,3.7,14.0,40.4,59.6,184.8,3.6,high,synthetic
S038_05,E038,5,4.7,3.3,17.1,55.5,44.5,307.9,3.2,high,synthetic
S038_06,E038,6,2.8,2.0,26.9,50.8,49.2,135.4,1.4,low,synthetic
S039_01,E039,1,4.4,2.7,87.4,53.6,46.4,229.3,3.1,low,synthetic
S039_02,E039,2,4.5,3.4,108.0,47.1,52.9,243.7,3.4,low,synthetic
S039_03,E039,3,4.2,2.7,118.3,58.5,41.5,194.6,3.4,medium,synthetic
S039_04,E039,4,2.3,0.9,123.1,49.2,50.8,223.0,1.9,low,synthetic
S039_05,E039,5,3.0,1.1,110.3,58.6,41.4,208.3,1.6,medium,synthetic
S039_06,E039,6,1.5,0.4,131.9,44.7,55.3,144.4,0.4,medium,synthetic
S040_01,E040,1,7.4,6.5,106.8,54.5,45.5,249.0,6.0,medium,synthetic
S040_02,E040,2,6.4,5.8,112.2,55.0,45.0,100.0,5.6,medium,synthetic
S040_03,E040,3,6.3,5.7,103.9,49.5,50.5,241.9,5.3,medium,synthetic
S040_04,E040,4,6.2,4.9,103.2,53.1,46.9,305.5,5.9,medium,synthetic
S040_05,E040,5,4.5,3.1,101.8,57.9,42.1,161.2,3.5,medium,synthetic
S040_06,E040,6,3.4,2.5,103.6,56.6,43.4,270.8,2.8,medium,synthetic
S041_01,E041,1,3.0,1.5,115.7,47.1,52.9,180.4,1.8,low,synthetic
S041_02,E041,2,2.7,0.8,132.7,58.3,41.7,179.0,2.2,medium,synthetic
S041_03,E041,3,2.0,1.2,132.6,57.6,42.4,233.8,1.2,medium,synthetic
S041_04,E041,4,2.4,0.9,147.1,48.5,51.5,272.9,1.9,low,synthetic
S041_05,E041,5,0.0,0.0,140.2,54.5,45.5,233.1,0.0,low,synthetic
S041_06,E041,6,0.0,0.0,112.8,53.2,46.8,100.0,0.0,low,synthetic
S042_01,E042,1,7.5,5.8,11.1,50.5,49.5,243.2,6.5,medium,synthetic
S042_02,E042,2,7.1,5.8,20.2,52.6,47.4,289.3,6.7,medium,synthetic
S042_03,E042,3,7.2,6.5,25.2,40.2,59.8,162.8,6.7,high,synthetic
S042_04,E042,4,7.0,5.3,22.3,45.9,54.1,339.1,5.6,medium,synthetic
S042_05,E042,5,5.5,4.2,25.8,41.3,58.7,273.7,4.7,medium,synthetic
S042_06,E042,6,4.8,3.9,36.8,44.0,56.0,159.8,3.3,medium,synthetic
S043_01,E043,1,7.4,6.0,85.8,56.7,43.3,248.0,7.2,medium,synthetic
S043_02,E043,2,8.1,7.1,115.4,55.4,44.6,283.3,7.2,high,synthetic
S043_03,E043,3,7.0,5.3,115.7,47.8,52.2,319.9,6.2,medium,synthetic
S043_04,E043,4,6.2,5.2,119.9,52.2,47.8,229.1,4.9,medium,synthetic
S043_05,E043,5,6.5,5.1,107.4,44.1,55.9,263.3,6.0,medium,synthetic
S043_06,E043,6,5.9,5.3,128.0,44.0,56.0,161.3,4.9,medium,synthetic
S044_01,E044,1,6.1,5.1,110.0,55.6,44.4,314.3,4.7,medium,synthetic
S044_02,E044,2,6.1,5.3,109.5,51.1,48.9,287.3,5.0,medium,synthetic
S044_03,E044,3,4.6,3.9,106.8,60.3,39.7,261.4,3.3,high,synthetic
S044_04,E044,4,4.9,4.3,125.6,55.3,44.7,210.4,4.0,medium,synthetic
S044_05,E044,5,4.1,3.5,92.3,53.5,46.5,165.7,3.7,low,synthetic
S044_06,E044,6,1.8,0.0,124.1,56.5,43.5,245.9,1.0,medium,synthetic
S045_01,E045,1,2.5,1.4,54.5,50.8,49.2,102.6,1.4,low,synthetic
S045_02,E045,2,2.5,1.2,34.2,46.0,54.0,297.1,1.6,medium,synthetic
S045_03,E045,3,1.1,0.5,39.8,48.4,51.6,293.1,0.6,medium,synthetic
S045_04,E045,4,1.2,0.0,62.0,44.1,55.9,242.2,1.0,medium,synthetic
S045_05,E045,5,1.6,0.6,53.0,47.5,52.5,186.2,1.4,low,synthetic
S045_06,E045,6,0.1,0.0,61.5,48.7,51.3,281.3,0.0,medium,synthetic
S046_01,E046,1,4.5,3.8,93.7,52.4,47.6,285.9,3.2,medium,synthetic
S046_02,E046,2,3.2,1.5,116.5,55.5,44.5,141.7,2.3,medium,synthetic
S046_03,E046,3,3.2,2.6,118.8,47.9,52.1,261.4,2.9,low,synthetic
S046_04,E046,4,1.9,1.1,118.4,52.5,47.5,167.8,0.8,low,synthetic
S046_05,E046,5,2.6,1.8,128.8,55.4,44.6,250.1,1.5,medium,synthetic
S046_06,E046,6,1.4,0.7,103.3,49.1,50.9,220.3,0.0,low,synthetic
S047_01,E047,1,3.7,2.1,40.5,44.7,55.3,176.0,3.1,medium,synthetic
S047_02,E047,2,3.8,3.2,29.3,49.8,50.2,221.3,2.8,low,synthetic
S047_03,E047,3,2.6,2.0,37.3,42.2,57.8,308.9,1.3,medium,synthetic
S047_04,E047,4,2.2,1.1,42.1,56.8,43.2,239.4,0.9,medium,synthetic
S047_05,E047,5,2.0,1.2,55.4,53.3,46.7,216.4,1.1,low,synthetic
S047_06,E047,6,0.6,0.0,41.3,49.5,50.5,187.6,0.1,low,synthetic
S048_01,E048,1,7.5,5.6,123.9,46.6,53.4,328.0,7.0,medium,synthetic
S048_02,E048,2,7.8,6.1,90.7,51.0,49.0,275.3,6.7,medium,synthetic
S048_03,E048,3,6.8,5.2,106.8,60.1,39.9,262.3,6.3,high,synthetic
S048_04,E048,4,6.2,5.6,125.6,59.0,41.0,221.1,5.0,high,synthetic
S048_05,E048,5,6.9,5.7,123.0,52.6,47.4,251.5,6.5,medium,synthetic
S048_06,E048,6,5.3,3.7,127.0,50.5,49.5,176.9,4.8,medium,synthetic
S049_01,E049,1,7.3,5.5,109.5,61.9,38.1,189.1,6.0,high,synthetic
S049_02,E049,2,6.4,4.7,136.8,55.0,45.0,231.8,5.7,medium,synthetic
S049_03,E049,3,5.5,4.2,95.0,52.6,47.4,352.1,5.1,medium,synthetic
S049_04,E049,4,5.6,4.7,141.7,52.5,47.5,153.1,4.7,medium,synthetic
S049_05,E049,5,4.4,3.8,144.6,51.3,48.7,244.5,3.4,low,synthetic
S049_06,E049,6,5.3,4.1,116.7,45.4,54.6,193.4,4.3,medium,synthetic
S050_01,E050,1,4.8,4.2,37.7,54.0,46.0,293.7,4.4,medium,synthetic
S050_02,E050,2,4.8,3.9,31.9,51.5,48.5,202.2,3.7,low,synthetic
S050_03,E050,3,3.4,2.7,35.8,47.3,52.7,265.5,2.0,low,synthetic
S050_04,E050,4,3.9,2.0,38.7,49.9,50.1,343.3,2.7,medium,synthetic
S050_05,E050,5,3.1,1.8,32.1,56.1,43.9,184.7,1.8,medium,synthetic
S050_06,E050,6,1.5,0.8,41.7,44.2,55.8,187.3,1.2,medium,synthetic
S051_01,E051,1,6.5,5.2,48.1,45.9,54.1,313.6,5.9,medium,synthetic
S051_02,E051,2,5.7,4.5,42.7,56.2,43.8,332.5,5.1,medium,synthetic
S051_03,E051,3,4.9,3.3,39.9,50.7,49.3,181.1,4.0,low,synthetic
S051_04,E051,4,3.9,3.0,53.0,44.4,55.6,160.5,3.3,medium,synthetic
S051_05,E051,5,4.6,3.5,47.2,44.3,55.7,327.3,3.9,medium,synthetic
S051_06,E051,6,4.2,2.4,38.6,44.1,55.9,245.4,2.9,high,synthetic
S052_01,E052,1,7.9,7.1,58.8,46.4,53.6,246.9,6.8,medium,synthetic
S052_02,E052,2,7.4,5.7,61.1,49.4,50.6,282.5,6.5,medium,synthetic
S052_03,E052,3,7.0,6.2,41.1,51.7,48.3,281.7,5.9,medium,synthetic
S052_04,E052,4,6.9,5.6,49.8,52.9,47.1,221.4,5.5,medium,synthetic
S052_05,E052,5,5.4,3.9,60.8,56.0,44.0,185.4,5.1,medium,synthetic
S052_06,E052,6,5.2,3.8,55.0,55.9,44.1,100.0,4.5,medium,synthetic
S053_01,E053,1,6.5,5.7,121.8,53.3,46.7,275.5,5.7,medium,synthetic
S053_02,E053,2,6.9,5.4,94.4,54.5,45.5,262.3,6.0,medium,synthetic
S053_03,E053,3,5.6,4.0,105.8,48.8,51.2,243.7,5.0,medium,synthetic
S053_04,E053,4,5.5,3.6,115.7,52.6,47.4,252.2,4.6,medium,synthetic
S053_05,E053,5,4.7,3.3,117.3,50.4,49.6,307.5,4.1,medium,synthetic
S053_06,E053,6,4.1,2.8,128.2,55.4,44.6,116.0,3.4,medium,synthetic
S054_01,E054,1,5.5,3.9,90.7,39.6,60.4,302.7,4.3,high,synthetic
S054_02,E054,2,5.7,4.0,124.5,50.8,49.2,291.0,5.0,medium,synthetic
S054_03,E054,3,4.9,3.9,114.7,47.4,52.6,218.2,3.6,low,synthetic
S054_04,E054,4,3.9,2.1,98.6,51.0,49.0,177.0,3.3,low,synthetic
S054_05,E054,5,2.9,1.0,96.8,55.3,44.7,145.3,2.0,medium,synthetic
S054_06,E054,6,3.4,1.7,136.5,46.9,53.1,100.2,2.3,low,synthetic
S055_01,E055,1,4.7,4.1,96.7,61.9,38.1,188.4,4.2,high,synthetic
S055_02,E055,2,5.0,3.5,137.6,46.5,53.5,217.1,3.9,medium,synthetic
S055_03,E055,3,4.8,4.2,105.3,48.7,51.3,308.2,3.8,medium,synthetic
S055_04,E055,4,3.1,1.3,106.9,45.2,54.8,132.5,2.3,low,synthetic
S055_05,E055,5,2.9,1.4,119.6,50.5,49.5,254.3,2.3,low,synthetic
S055_06,E055,6,3.7,2.1,150.6,52.3,47.7,172.6,3.3,low,synthetic
S056_01,E056,1,2.9,1.3,30.3,46.0,54.0,231.8,2.0,low,synthetic
S056_02,E056,2,2.2,0.3,52.5,50.4,49.6,247.3,1.7,low,synthetic
S056_03,E056,3,1.5,0.0,60.1,44.4,55.6,240.1,1.0,medium,synthetic
S056_04,E056,4,1.8,1.3,48.7,57.6,42.4,175.2,0.9,medium,synthetic
S056_05,E056,5,1.9,0.3,56.3,55.1,44.9,217.1,0.9,medium,synthetic
S056_06,E056,6,0.0,0.0,47.1,53.4,46.6,164.3,0.0,low,synthetic
S057_01,E057,1,8.0,7.1,89.0,46.9,53.1,272.9,7.7,high,synthetic
S057_02,E057,2,7.9,7.1,118.2,61.3,38.7,188.3,6.6,high,synthetic
S057_03,E057,3,6.5,5.8,94.0,53.2,46.8,185.6,6.3,medium,synthetic
S057_04,E057,4,7.2,5.4,99.4,46.0,54.0,297.3,6.7,medium,synthetic
S057_05,E057,5,5.1,4.0,124.8,50.1,49.9,287.3,4.3,medium,synthetic
S057_06,E057,6,4.2,2.2,102.7,53.9,46.1,112.3,3.4,low,synthetic
S058_01,E058,1,6.9,5.0,97.4,40.5,59.5,330.9,5.7,high,synthetic
S058_02,E058,2,6.7,5.7,113.4,43.6,56.4,230.5,5.6,medium,synthetic
S058_03,E058,3,5.3,4.0,91.6,47.8,52.2,266.8,3.9,medium,synthetic
S058_04,E058,4,5.6,4.5,94.2,53.5,46.5,288.0,4.7,medium,synthetic
S058_05,E058,5,5.0,3.7,92.8,47.8,52.2,301.2,4.1,medium,synthetic
S058_06,E058,6,5.4,4.5,108.2,52.0,48.0,100.0,5.0,medium,synthetic
S059_01,E059,1,4.6,3.3,105.3,51.7,48.3,241.1,3.4,low,synthetic
S059_02,E059,2,3.6,2.7,89.6,42.2,57.8,224.1,3.4,medium,synthetic
S059_03,E059,3,3.6,3.0,116.9,49.0,51.0,372.0,2.6,medium,synthetic
S059_04,E059,4,2.4,0.6,112.5,55.3,44.7,271.6,1.6,medium,synthetic
S059_05,E059,5,2.4,1.0,130.6,53.5,46.5,151.1,2.1,low,synthetic
S059_06,E059,6,0.5,0.0,101.6,53.1,46.9,226.8,0.0,low,synthetic
S060_01,E060,1,5.3,3.8,28.5,48.7,51.3,238.9,4.0,medium,synthetic
S060_02,E060,2,4.3,2.4,48.3,55.4,44.6,351.0,3.6,medium,synthetic
S060_03,E060,3,3.9,2.8,53.4,44.2,55.8,335.7,2.9,medium,synthetic
S060_04,E060,4,3.1,1.9,50.9,50.8,49.2,251.8,1.6,low,synthetic
S060_05,E060,5,1.8,0.7,55.3,55.6,44.4,100.0,1.3,high,synthetic
S060_06,E060,6,3.2,2.6,62.0,57.4,42.6,292.9,1.7,medium,synthetic
